Rank;Sourceid;Title;Type;Issn;SJR;SJR Quartile;H index;Total Docs. (2018);Total Docs. (3years);Total Refs.;Total Cites (3years);Citable Docs. (3years);Cites / Doc. (2years);Ref. / Doc.;Country;Publisher;Coverage;Categories
1;17437;"Nature Reviews Neuroscience";journal;"14710048, 1471003X";21,210;Q1;375;136;401;9159;6587;194;32,24;67,35;United Kingdom;"Nature Publishing Group";"2000-ongoing";"Neuroscience (miscellaneous) (Q1)"
2;17436;"Nature Neuroscience";journal;"10976256";15,852;Q1;375;248;815;11676;13577;712;17,81;47,08;United Kingdom;"Nature Publishing Group";"1998-ongoing";"Neuroscience (miscellaneous) (Q1)"
3;14181;"Annual Review of Neuroscience";book series;"0147006X, 15454126";12,626;Q1;224;26;67;3689;1113;67;12,02;141,88;United States;"Annual Reviews Inc.";"1978-ongoing";"Neuroscience (miscellaneous) (Q1)"
4;17978;"Neuron";journal;"08966273";11,377;Q1;430;515;1560;31105;18464;1488;11,18;60,40;United States;"Cell Press";"1988-ongoing";"Neuroscience (miscellaneous) (Q1)"
5;17435;"EMBO Journal";journal;"02614189, 14602075";7,579;Q1;368;259;754;14304;5989;660;9,96;55,23;Germany;"Wiley-Blackwell";"1982-ongoing";"Biochemistry, Genetics and Molecular Biology (miscellaneous) (Q1); Immunology and Microbiology (miscellaneous)  (Q1); Medicine (miscellaneous) (Q1); Molecular Biology (Q1); Neuroscience (miscellaneous) (Q1)"
6;21100242814;"eLife";journal;"2050084X";6,617;Q1;93;1393;3751;83784;26122;3628;6,83;60,15;United Kingdom;"eLife Sciences Publications";"2012-ongoing";"Biochemistry, Genetics and Molecular Biology (miscellaneous) (Q1); Immunology and Microbiology (miscellaneous)  (Q1); Medicine (miscellaneous) (Q1); Neuroscience (miscellaneous) (Q1)"
7;19939;"Trends in Neurosciences";journal;"01662236";6,321;Q1;269;121;244;6698;2500;225;10,48;55,36;Netherlands;"Elsevier BV";"1978-ongoing";"Neuroscience (miscellaneous) (Q1)"
8;14992;"Current Opinion in Neurobiology";journal;"09594388";4,826;Q1;210;160;456;10606;3007;439;6,21;66,29;Netherlands;"Elsevier BV";"1991-ongoing";"Neuroscience (miscellaneous) (Q1)"
9;12977;"PLoS Biology";journal;"15449173, 15457885";4,783;Q1;234;426;833;20959;5941;763;7,62;49,20;United States;"Public Library of Science";"2003-ongoing";"Agricultural and Biological Sciences (miscellaneous) (Q1); Biochemistry, Genetics and Molecular Biology (miscellaneous) (Q1); Immunology and Microbiology (miscellaneous)  (Q1); Neuroscience (miscellaneous) (Q1)"
10;16764;"Journal of Neuroscience";journal;"02706474, 15292401";4,212;Q1;422;862;3687;53998;21425;3413;5,95;62,64;United States;"Society for Neuroscience";"1981-ongoing";"Neuroscience (miscellaneous) (Q1)"
11;24025;"Progress in Neurobiology";journal;"03010082";4,084;Q1;212;63;164;16851;1856;159;10,64;267,48;United Kingdom;"Elsevier Ltd.";"1956, 1959-1960, 1962, 1973-ongoing";"Neuroscience (miscellaneous) (Q1)"
12;20618;"Stroke";journal;"15244628, 00392499";3,422;Q1;292;509;2072;5873;9741;1661;5,44;11,54;United States;"Lippincott Williams & Wilkins Ltd.";"1970-ongoing";"Advanced and Specialized Nursing (Q1); Cardiology and Cardiovascular Medicine (Q1); Medicine (miscellaneous) (Q1); Neurology (clinical) (Q1); Neuroscience (miscellaneous) (Q1)"
13;18059;"Neuroscientist";journal;"10738584";2,857;Q1;111;71;172;6451;891;157;5,92;90,86;United States;"Sage Science Press";"1995-ongoing";"Neurology (clinical) (Q1); Neuroscience (miscellaneous) (Q1)"
14;21100206244;"Open Biology";journal;"20462441";2,549;Q1;40;95;342;8094;1314;335;3,83;85,20;United Kingdom;"The Royal Society";"2011-ongoing";"Biochemistry, Genetics and Molecular Biology (miscellaneous) (Q1); Immunology (Q1); Neuroscience (miscellaneous) (Q1)"
15;21100823147;"Annals of Clinical and Translational Neurology";journal;"23289503";2,502;Q1;30;162;228;6002;1053;210;4,87;37,05;United States;"John Wiley and Sons Inc.";"2014-ongoing";"Neurology (clinical) (Q1); Neuroscience (miscellaneous) (Q1)"
16;11700154204;"Brain Stimulation";journal;"1935861X";2,402;Q1;64;204;486;8435;2266;326;6,73;41,35;Netherlands;"Elsevier BV";"2008-ongoing";"Biophysics (Q1); Neurology (clinical) (Q1); Neuroscience (miscellaneous) (Q1)"
17;23985;"Neurobiology of Aging";journal;"01974580";2,352;Q1;168;335;1069;18627;4905;1049;4,37;55,60;Netherlands;"Elsevier BV";"1980-ongoing";"Aging (Q1); Developmental Biology (Q1); Geriatrics and Gerontology (Q1); Neurology (clinical) (Q1); Neuroscience (miscellaneous) (Q1)"
18;50032;"Journal of Neuroinflammation";journal;"17422094";2,299;Q1;92;349;815;19031;4682;793;5,70;54,53;United Kingdom;"BioMed Central";"2004-ongoing";"Cellular and Molecular Neuroscience (Q1); Immunology (Q1); Neurology (Q1); Neuroscience (miscellaneous) (Q1)"
19;21100782808;"eNeuro";journal;"23732822";2,218;Q1;19;329;582;12478;1936;550;3,46;37,93;United States;"Society for Neuroscience";"2015-ongoing";"Medicine (miscellaneous) (Q1); Neuroscience (miscellaneous) (Q1)"
20;16689;"Journal of Comparative Neurology";journal;"00219967";2,200;Q1;194;183;572;14240;1714;536;3,21;77,81;United States;"John Wiley & Sons Inc.";"1911-ongoing";"Neuroscience (miscellaneous) (Q1)"
21;14344;"Brain Pathology";journal;"10156305";2,185;Q1;124;124;283;5046;1102;225;4,86;40,69;United States;"Wiley-Blackwell";"1990-ongoing";"Neurology (clinical) (Q1); Neuroscience (miscellaneous) (Q1); Pathology and Forensic Medicine (Q1)"
22;6600153204;"Brain Structure and Function";journal;"18632653, 18632661";2,138;Q1;82;278;786;20684;3043;760;3,71;74,40;Germany;"Springer Verlag";"2007-ongoing";"Anatomy (Q1); Histology (Q1); Neuroscience (miscellaneous) (Q1)"
23;19400157151;"DMM Disease Models and Mechanisms";journal;"17548403, 17548411";2,114;Q1;67;178;423;10919;1729;398;3,87;61,34;United Kingdom;"The Company of Biologists Ltd.";"2008-ongoing";"Biochemistry, Genetics and Molecular Biology (miscellaneous) (Q1); Immunology and Microbiology (miscellaneous)  (Q1); Medicine (miscellaneous) (Q1); Neuroscience (miscellaneous) (Q1)"
24;19700175115;"Frontiers in Systems Neuroscience";journal;"16625137";2,067;Q1;57;61;401;5275;1507;376;4,00;86,48;Switzerland;"Frontiers Media S.A.";"2007-ongoing";"Cellular and Molecular Neuroscience (Q1); Cognitive Neuroscience (Q1); Developmental Neuroscience (Q1); Neuroscience (miscellaneous) (Q1)"
25;23987;"Neuroinformatics";journal;"15392791";1,988;Q1;51;58;96;2653;451;80;5,56;45,74;United States;"Humana Press, Inc.";"2003-ongoing";"Information Systems (Q1); Neuroscience (miscellaneous) (Q1); Software (Q1)"
26;19700175165;"Frontiers in Neural Circuits";journal;"16625110";1,934;Q1;47;116;319;8921;993;308;3,00;76,91;Switzerland;"Frontiers Media S.A.";"2007-ongoing";"Cellular and Molecular Neuroscience (Q1); Cognitive Neuroscience (Q1); Neuroscience (miscellaneous) (Q1); Sensory Systems (Q1)"
27;19700175167;"Frontiers in Neuroinformatics";journal;"16625196";1,885;Q1;50;101;158;5376;565;149;2,91;53,23;Switzerland;"Frontiers Media S.A.";"2007-ongoing";"Biomedical Engineering (Q1); Computer Science Applications (Q1); Neuroscience (miscellaneous) (Q1)"
28;19900191715;"Wiley Interdisciplinary Reviews: Cognitive Science";journal;"19395086, 19395078";1,844;Q1;39;23;106;2366;382;100;3,49;102,87;United States;"John Wiley & Sons Inc.";"2010-ongoing";"Medicine (miscellaneous) (Q1); Neuroscience (miscellaneous) (Q1); Psychology (miscellaneous) (Q1)"
29;21100299401;"Brain Connectivity";journal;"21580014, 21580022";1,830;Q1;42;60;191;3346;744;190;3,82;55,77;United States;"Mary Ann Liebert Inc.";"2013-ongoing";"Neuroscience (miscellaneous) (Q1)"
30;19700175116;"Frontiers in Neuroanatomy";journal;"16625129";1,808;Q1;49;123;424;9434;1329;397;2,86;76,70;Switzerland;"Frontiers Media S.A.";"2007-ongoing";"Anatomy (Q1); Neuroscience (miscellaneous) (Q1); Cellular and Molecular Neuroscience (Q2)"
31;21754;"Annals of the New York Academy of Sciences";journal;"00778923";1,795;Q1;225;355;808;20529;3614;761;4,32;57,83;United States;"Wiley-Blackwell";"1824-ongoing";"Biochemistry, Genetics and Molecular Biology (miscellaneous) (Q1); History and Philosophy of Science (Q1); Neuroscience (miscellaneous) (Q1)"
32;23475;"Journal of Neurophysiology";journal;"15221598, 00223077";1,690;Q1;228;482;1658;29488;4384;1632;2,66;61,18;United States;"American Physiological Society";"1945-ongoing";"Neuroscience (miscellaneous) (Q1); Physiology (Q1)"
33;21100199812;"Frontiers in Neuroscience";journal;"1662453X, 16624548";1,665;Q1;71;810;1884;59190;7496;1766;3,81;73,07;Switzerland;"Frontiers Media S.A.";"2011-ongoing";"Neuroscience (miscellaneous) (Q1)"
34;16793;"Journal of Physiology Paris";journal;"09284257";1,622;Q1;68;0;77;0;226;70;2,02;0,00;Netherlands;"Elsevier BV";"1992-2004, 2006-ongoing";"Neuroscience (miscellaneous) (Q1); Physiology (medical) (Q1)"
35;17300154985;"Autism Research";journal;"19393792, 19393806";1,616;Q1;53;146;357;8395;1427;339;4,11;57,50;United States;"John Wiley & Sons Inc.";"2008-ongoing";"Neurology (clinical) (Q1); Neuroscience (miscellaneous) (Q1); Genetics (clinical) (Q2)"
36;16246;"Journal of Alzheimer's Disease";journal;"13872877";1,512;Q1;115;754;2098;43911;7653;2069;3,40;58,24;Netherlands;"IOS Press";"1998-ongoing";"Clinical Psychology (Q1); Geriatrics and Gerontology (Q1); Medicine (miscellaneous) (Q1); Neuroscience (miscellaneous) (Q1); Psychiatry and Mental Health (Q1)"
37;15550;"European Journal of Neuroscience";journal;"14609568, 0953816X";1,501;Q1;191;414;894;30349;2390;822;2,77;73,31;United Kingdom;"Blackwell Publishing Inc.";"1989-ongoing";"Neuroscience (miscellaneous) (Q1)"
38;18042;"Neuroscience";journal;"03064522";1,484;Q2;204;692;2303;45911;7946;2256;3,25;66,35;Netherlands;"Elsevier BV";"1976-ongoing";"Neuroscience (miscellaneous) (Q2)"
39;12145;"Biological Psychology";journal;"03010511";1,481;Q2;107;173;485;11990;1544;477;2,83;69,31;Netherlands;"Elsevier BV";"1973-ongoing";"Neuropsychology and Physiological Psychology (Q1); Neuroscience (miscellaneous) (Q2)"
40;14160;"Molecular Neurobiology";journal;"08937648";1,472;Q2;96;916;1634;65118;6458;1524;4,26;71,09;United States;"Humana Press, Inc.";"1987-ongoing";"Neurology (Q1); Cellular and Molecular Neuroscience (Q2); Neuroscience (miscellaneous) (Q2)"
41;14989;"Current Neurology and Neuroscience Reports";journal;"15284042, 15346293";1,409;Q2;62;99;311;7853;1204;310;3,54;79,32;United States;"Current Science Inc.";"2001-ongoing";"Neurology (clinical) (Q1); Neuroscience (miscellaneous) (Q2)"
42;16188;"Journal of the International Neuropsychological Society";journal;"13556177, 14697661";1,404;Q2;116;118;275;5869;863;272;2,75;49,74;United Kingdom;"Cambridge University Press";"1995-ongoing";"Clinical Psychology (Q1); Neurology (clinical) (Q1); Psychiatry and Mental Health (Q1); Neuroscience (miscellaneous) (Q2)"
43;19700174928;"ASN Neuro";journal;"17590914";1,398;Q2;35;18;88;1457;313;87;2,50;80,94;United Kingdom;"Portland Press, Ltd.";"2009-ongoing";"Neurology (clinical) (Q1); Neuroscience (miscellaneous) (Q2)"
44;14346;"Brain Research";journal;"00068993";1,364;Q2;188;427;1697;25005;5306;1659;3,00;58,56;Netherlands;"Elsevier BV";"1966-ongoing";"Neurology (clinical) (Q1); Developmental Biology (Q2); Molecular Biology (Q2); Neuroscience (miscellaneous) (Q2)"
45;18712;"Psychiatry and Clinical Neurosciences";journal;"14401819, 13231316";1,349;Q2;66;109;302;4426;833;209;3,88;40,61;United Kingdom;"Blackwell Publishing Inc.";"1933, 1947-ongoing";"Medicine (miscellaneous) (Q1); Neurology (Q1); Neurology (clinical) (Q1); Psychiatry and Mental Health (Q1); Neuroscience (miscellaneous) (Q2)"
46;4700152872;"Journal of NeuroImmune Pharmacology";journal;"15571890, 15571904";1,333;Q2;64;58;190;3810;687;183;3,76;65,69;Germany;"Springer Verlag";"2006-ongoing";"Pharmacology (Q1); Immunology (Q2); Immunology and Allergy (Q2); Neuroscience (miscellaneous) (Q2)"
47;5300152235;"Neuroscience Bulletin";journal;"16737067";1,333;Q2;35;125;239;6880;792;220;3,80;55,04;China;"Springer Singapore";"2005-ongoing";"Medicine (miscellaneous) (Q1); Neuroscience (miscellaneous) (Q2); Physiology (Q2)"
48;21100464901;"Neurophotonics";journal;"2329423X, 23294248";1,329;Q2;21;61;202;3158;606;180;3,29;51,77;United States;"SPIE";"2014-ongoing";"Radiological and Ultrasound Technology (Q1); Radiology, Nuclear Medicine and Imaging (Q1); Neuroscience (miscellaneous) (Q2)"
49;16765;"Journal of Neuroscience Methods";journal;"01650270";1,308;Q2;133;296;795;13506;2574;770;2,93;45,63;Netherlands;"Elsevier BV";"1979-ongoing";"Neuroscience (miscellaneous) (Q2)"
50;19400158804;"Translational Stroke Research";journal;"18684483";1,291;Q2;39;108;172;4682;830;154;5,85;43,35;United States;"Springer New York LLC";"2010-ongoing";"Cardiology and Cardiovascular Medicine (Q1); Neurology (clinical) (Q1); Neuroscience (miscellaneous) (Q2)"
51;18730;"Psychiatry Research - Neuroimaging";journal;"09254927";1,193;Q2;99;130;477;7544;1288;468;2,40;58,03;Netherlands;"Elsevier BV";"1990-ongoing";"Psychiatry and Mental Health (Q1); Radiology, Nuclear Medicine and Imaging (Q1); Neuroscience (miscellaneous) (Q2)"
52;14902;"International Journal of Psychophysiology";journal;"01678760";1,149;Q2;110;182;460;12200;1272;442;2,45;67,03;Netherlands;"Elsevier BV";"1983-ongoing";"Neuropsychology and Physiological Psychology (Q2); Neuroscience (miscellaneous) (Q2); Physiology (medical) (Q2)"
53;18054;"Neuroscience Research";journal;"01680102";1,089;Q2;91;141;339;7386;737;327;2,18;52,38;Netherlands;"Elsevier BV";"1984-ongoing";"Medicine (miscellaneous) (Q1); Neuroscience (miscellaneous) (Q2)"
54;19700187604;"AJOB Neuroscience";journal;"21507740, 21507759";1,083;Q2;24;77;258;1025;149;30;5,21;13,31;United States;"Taylor & Francis";"2010-ongoing";"Neuroscience (miscellaneous) (Q2)"
55;19700174742;"Experimental and Translational Stroke Medicine";journal;"20407378";1,081;Q2;20;0;12;0;47;11;4,50;0,00;United Kingdom;"BioMed Central";"2010-ongoing";"Cognitive Neuroscience (Q2); Neuroscience (miscellaneous) (Q2)"
56;16834;"Journal of the Peripheral Nervous System";journal;"10859489, 15298027";1,079;Q2;62;38;113;885;240;101;2,12;23,29;United Kingdom;"Blackwell Publishing Inc.";"1996-ongoing";"Medicine (miscellaneous) (Q1); Neurology (clinical) (Q2); Neuroscience (miscellaneous) (Q2)"
57;14347;"Brain Research Bulletin";journal;"03619230";1,073;Q2;118;242;480;16341;1500;466;3,15;67,52;Netherlands;"Elsevier BV";"1976-ongoing";"Neuroscience (miscellaneous) (Q2)"
58;23481;"Journal of Vestibular Research: Equilibrium and Orientation";journal;"09574271";1,067;Q2;48;20;75;649;306;74;3,09;32,45;Netherlands;"IOS Press";"1990, 1992-ongoing";"Otorhinolaryngology (Q1); Neurology (clinical) (Q2); Neuroscience (miscellaneous) (Q2); Sensory Systems (Q2)"
59;21370;"Expert Review of Neurotherapeutics";journal;"14737175";1,064;Q2;67;92;382;7652;1127;326;3,56;83,17;United Kingdom;"Taylor & Francis";"2001-ongoing";"Pharmacology (medical) (Q1); Neurology (clinical) (Q2); Neuroscience (miscellaneous) (Q2)"
60;21100239256;"PeerJ";journal;"21678359";1,037;Q2;45;1880;3509;110729;8705;3509;2,34;58,90;United States;"PeerJ";"2013-ongoing";"Agricultural and Biological Sciences (miscellaneous) (Q1); Biochemistry, Genetics and Molecular Biology (miscellaneous) (Q1); Medicine (miscellaneous) (Q1); Neuroscience (miscellaneous) (Q2)"
61;18073;"NeuroToxicology";journal;"0161813X";1,032;Q2;102;181;476;10745;1463;436;3,20;59,36;Netherlands;"Elsevier BV";"1979-ongoing";"Toxicology (Q1); Neuroscience (miscellaneous) (Q2)"
62;23358;"BMC Neuroscience";journal;"14712202";1,017;Q2;86;81;262;4083;670;257;2,57;50,41;United Kingdom;"BioMed Central";"2000-ongoing";"Neuroscience (miscellaneous) (Q2); Cellular and Molecular Neuroscience (Q3)"
63;16321;"IEEE Transactions on Neural Systems and Rehabilitation Engineering";journal;"15344320";0,992;Q2;121;260;506;10573;2195;497;4,11;40,67;United States;"Institute of Electrical and Electronics Engineers";"2001-ongoing";"Biomedical Engineering (Q1); Computer Science Applications (Q1); Medicine (miscellaneous) (Q1); Neuroscience (miscellaneous) (Q2)"
64;19700175168;"Frontiers in Computational Neuroscience";journal;"16625188";0,988;Q2;44;106;413;7186;1068;395;2,57;67,79;Switzerland;"Frontiers Media S.A.";"2007-ongoing";"Neuroscience (miscellaneous) (Q2); Cellular and Molecular Neuroscience (Q3)"
65;21100367158;"Brain Sciences";journal;"20763425";0,976;Q2;21;219;238;16069;675;228;2,93;73,37;Switzerland;"Multidisciplinary Digital Publishing Institute (MDPI)";"2013, 2015-ongoing";"Neuroscience (miscellaneous) (Q2)"
66;19700174918;"Clinical and Translational Science";journal;"17528062, 17528054";0,955;Q2;35;78;239;2565;561;211;3,75;32,88;United States;"Wiley-Blackwell";"2008-ongoing";"Medicine (miscellaneous) (Q1); Pharmacology, Toxicology and Pharmaceutics (miscellaneous) (Q1); Biochemistry, Genetics and Molecular Biology (miscellaneous) (Q2); Neuroscience (miscellaneous) (Q2)"
67;145172;"Behavioral Sleep Medicine";journal;"15402010, 15402002";0,945;Q2;42;83;143;3237;347;119;2,83;39,00;United States;"Lawrence Erlbaum Associates Inc.";"2003-ongoing";"Medicine (miscellaneous) (Q1); Psychology (miscellaneous) (Q1); Neurology (clinical) (Q2); Neuroscience (miscellaneous) (Q2)"
68;18071;"Neurotoxicity Research";journal;"10298428";0,941;Q2;65;160;279;10385;851;274;3,17;64,91;United States;"Springer New York LLC";"2001-ongoing";"Toxicology (Q1); Neuroscience (miscellaneous) (Q2)"
69;18122;"Nutritional Neuroscience";journal;"14768305, 1028415X";0,939;Q2;51;166;186;6821;515;162;3,27;41,09;United Kingdom;"Maney Publishing";"1998-ongoing";"Medicine (miscellaneous) (Q1); Neuroscience (miscellaneous) (Q2); Nutrition and Dietetics (Q2)"
70;19239;"Reviews in the Neurosciences";journal;"21910200, 03341763";0,933;Q2;67;75;175;8230;493;171;2,44;109,73;Germany;"Walter de Gruyter GmbH";"1986-1990, 1992-ongoing";"Neuroscience (miscellaneous) (Q2)"
71;15585;"Experimental Brain Research";journal;"14321106, 00144819";0,899;Q2;156;294;904;14883;1757;885;1,95;50,62;Germany;"Springer Verlag";"1966-ongoing";"Neuroscience (miscellaneous) (Q2)"
72;21100853556;"Neuroscience and Neuroeconomics";journal;"22303561";0,896;Q2;3;0;6;0;19;6;0,75;0,00;New Zealand;"Dove Medical Press Ltd.";"2015-ongoing";"Neuropsychology and Physiological Psychology (Q2); Neuroscience (miscellaneous) (Q2)"
73;11600153416;"Current Protocols in Neuroscience";journal;"19348584, 19348576";0,881;Q2;32;15;55;396;68;55;1,23;26,40;United States;"Wiley-Liss Inc";"2001-ongoing";"Medicine (miscellaneous) (Q1); Neuroscience (miscellaneous) (Q2)"
74;18046;"Neuroscience Letters";journal;"03043940";0,858;Q3;155;729;2224;28854;4928;2166;2,16;39,58;Netherlands;"Elsevier BV";"1975-ongoing";"Neuroscience (miscellaneous) (Q3)"
75;21100200416;"Journal of Mathematical Neuroscience";journal;"21908567";0,831;Q3;12;12;43;702;72;42;2,18;58,50;Germany;"Springer Verlag";"2012-ongoing";"Neuroscience (miscellaneous) (Q3)"
76;14897;"Journal of Electromyography and Kinesiology";journal;"10506411";0,815;Q3;89;137;355;5431;751;350;1,86;39,64;Netherlands;"Elsevier BV";"1991-ongoing";"Biophysics (Q2); Neurology (clinical) (Q2); Sports Science (Q2); Neuroscience (miscellaneous) (Q3)"
77;21100200810;"Journal of Experimental Neuroscience";journal;"11790695";0,806;Q3;10;57;68;2374;140;64;2,54;41,65;New Zealand;"Libertas Academica Ltd.";"2011-ongoing";"Neuroscience (miscellaneous) (Q3)"
78;15664;"Functional Neurology";journal;"19713274, 03935264";0,792;Q3;37;39;105;1171;197;89;2,39;30,03;Italy;"CIC Edizioni Internazionali s.r.l.";"1986-ongoing";"Medicine (miscellaneous) (Q2); Neurology (clinical) (Q2); Neuroscience (miscellaneous) (Q3)"
79;19700177307;"Parkinson's Disease";journal;"20420080, 20908083";0,772;Q3;37;62;245;2458;552;238;2,05;39,65;Egypt;"Hindawi Publishing Corporation";"2010-ongoing";"Neurology (clinical) (Q2); Psychiatry and Mental Health (Q2); Neuroscience (miscellaneous) (Q3)"
80;4500151409;"CNS and Neurological Disorders - Drug Targets";journal;"18715273";0,747;Q3;78;85;437;6363;899;375;2,61;74,86;United Arab Emirates;"Bentham Science Publishers";"2006-ongoing";"Medicine (miscellaneous) (Q2); Pharmacology (Q2); Neuroscience (miscellaneous) (Q3)"
81;28533;"American Journal of Alzheimer's Disease and other Dementias";journal;"15333175";0,700;Q3;52;70;237;3092;474;234;1,70;44,17;United States;"SAGE Publications";"1986-ongoing";"Clinical Psychology (Q2); Geriatrics and Gerontology (Q2); Psychiatry and Mental Health (Q2); Neuroscience (miscellaneous) (Q3)"
82;21100228128;"Trends in Neuroscience and Education";journal;"22119493, 24520837";0,670;Q3;15;13;45;833;97;40;2,00;64,08;Germany;"Elsevier GmbH";"2012-ongoing";"Education (Q2); Behavioral Neuroscience (Q3); Cognitive Neuroscience (Q3); Neuroscience (miscellaneous) (Q3)"
83;14340;"Brain Injury";journal;"1362301X, 02699052";0,668;Q3;92;232;600;9863;1239;575;1,71;42,51;United Kingdom;"Taylor & Francis";"1987-ongoing";"Developmental and Educational Psychology (Q2); Neurology (clinical) (Q2); Neuroscience (miscellaneous) (Q3)"
84;19900191993;"Journal of Visualized Experiments";journal;"1940087X";0,665;Q3;67;1417;3160;33655;4064;3144;1,05;23,75;United States;"MYJoVE Corporation";"2006-ongoing";"Chemical Engineering (miscellaneous) (Q1); Biochemistry, Genetics and Molecular Biology (miscellaneous) (Q2); Immunology and Microbiology (miscellaneous)  (Q3); Neuroscience (miscellaneous) (Q3)"
85;19700188483;"Translational Neuroscience";journal;"20816936, 20813856";0,665;Q3;20;31;82;1103;156;82;2,08;35,58;Austria;"De Gruyter Open";"2010-ongoing";"Neuroscience (miscellaneous) (Q3)"
86;16704;"Journal of ECT";journal;"10950680, 15334112";0,664;Q3;53;65;274;2474;333;161;2,14;38,06;United States;"Lippincott Williams & Wilkins Ltd.";"1998-ongoing";"Medicine (miscellaneous) (Q2); Psychiatry and Mental Health (Q2); Neuroscience (miscellaneous) (Q3)"
87;13845;"Bulletin of Mathematical Biology";journal;"00928240, 15229602";0,654;Q3;78;173;311;6796;525;293;1,73;39,28;United States;"Springer New York LLC";"1973-ongoing";"Agricultural and Biological Sciences (miscellaneous) (Q1); Biochemistry, Genetics and Molecular Biology (miscellaneous) (Q2); Computational Theory and Mathematics (Q2); Environmental Science (miscellaneous) (Q2); Mathematics (miscellaneous) (Q2); Pharmacology (Q2); Immunology (Q3); Neuroscience (miscellaneous) (Q3)"
88;16177;"International Journal of Neuroscience";journal;"00207454, 15635279";0,620;Q3;57;164;448;6498;705;434;1,74;39,62;United Kingdom;"Taylor & Francis";"1970-1973, 1975-ongoing";"Medicine (miscellaneous) (Q2); Neuroscience (miscellaneous) (Q3)"
89;21100455212;"Biomedical Reports";journal;"20499434, 20499442";0,617;Q3;15;154;425;6197;766;423;1,80;40,24;Greece;"Spandidos Publications";"2014-ongoing";"Pharmacology, Toxicology and Pharmaceutics (miscellaneous) (Q1); Biochemistry, Genetics and Molecular Biology (miscellaneous) (Q2); Medicine (miscellaneous) (Q2); Neuroscience (miscellaneous) (Q3)"
90;28675;"Brazilian Journal of Medical and Biological Research";journal;"0100879X";0,604;Q3;79;191;469;5309;847;467;1,74;27,80;Brazil;"Associacao Brasileira de Divulgacao Cientifica";"1973-ongoing";"Pharmacology, Toxicology and Pharmaceutics (miscellaneous) (Q1); Biophysics (Q2); Medicine (miscellaneous) (Q2); Biochemistry (Q3); Immunology (Q3); Neuroscience (miscellaneous) (Q3); Physiology (Q3); Cell Biology (Q4)"
91;17540;"Acta Neurobiologiae Experimentalis";journal;"00651400, 16890035";0,598;Q3;50;35;105;2148;185;104;1,70;61,37;Poland;"Polska Akademia Nauk";"1970-ongoing";"Medicine (miscellaneous) (Q2); Neuroscience (miscellaneous) (Q3)"
92;21100394091;"Medical Gas Research";journal;"20459912";0,587;Q3;20;36;93;1257;176;82;1,72;34,92;United Kingdom;"BioMed Central";"2011-2012, 2014-ongoing";"Anesthesiology and Pain Medicine (Q2); Neuroscience (miscellaneous) (Q3)"
93;24030;"Respiratory Physiology and Neurobiology";journal;"15699048";0,585;Q3;88;161;461;7119;674;444;1,55;44,22;Netherlands;"Elsevier BV";"2002-ongoing";"Neuroscience (miscellaneous) (Q3); Physiology (Q3); Pulmonary and Respiratory Medicine (Q3)"
94;21100241729;"Frontiers in Life Science";journal;"21553769, 21553777";0,573;Q3;32;4;90;265;189;80;1,84;66,25;United Kingdom;"Taylor and Francis Inc.";"2011-2013, 2015-ongoing";"Biochemistry, Genetics and Molecular Biology (miscellaneous) (Q2); Neuroscience (miscellaneous) (Q3)"
95;21100242616;"Sleep Science";journal;"19840659, 19840063";0,570;Q3;12;46;116;1796;195;103;1,59;39,04;Brazil;"Federacao Latino-Americana de Sociedades do Sono";"2013-ongoing";"Medicine (miscellaneous) (Q2); Behavioral Neuroscience (Q3); Neuroscience (miscellaneous) (Q3)"
96;24806;"Neural Processing Letters";journal;"13704621, 1573773X";0,569;Q3;45;278;291;9848;900;282;3,10;35,42;Netherlands;"Kluwer Academic Publishers";"1994-ongoing";"Computer Networks and Communications (Q1); Artificial Intelligence (Q2); Software (Q2); Neuroscience (miscellaneous) (Q3)"
97;18022;"NeuroReport";journal;"09594965";0,539;Q3;179;241;606;6483;803;601;1,20;26,90;United States;"Lippincott Williams & Wilkins Ltd.";"1990-ongoing";"Neuroscience (miscellaneous) (Q3)"
98;19700175169;"Frontiers in Neuroengineering";journal;"16626443";0,530;Q3;33;0;5;0;16;4;0,00;0,00;Switzerland;"Frontiers Media S.A.";"2008-2015";"Biomedical Engineering (Q2); Biophysics (Q3); Neuroscience (miscellaneous) (Q3)"
99;12100154808;"Journal of Korean Neurosurgical Society";journal;"12258245";0,499;Q3;29;95;422;3130;507;412;1,14;32,95;South Korea;"Daehan sin'gyeong oe'gwa haghoe";"2008-ongoing";"Surgery (Q2); Neurology (clinical) (Q3); Neuroscience (miscellaneous) (Q3)"
100;17462;"Neuropsychoanalysis";journal;"15294145, 20443978";0,489;Q3;24;7;59;259;39;26;1,84;37,00;United Kingdom;"Taylor and Francis Ltd.";"1999-ongoing";"Neuropsychology and Physiological Psychology (Q3); Neuroscience (miscellaneous) (Q3)"
101;19900192410;"Annals of Neurosciences";journal;"09763260, 09727531";0,438;Q3;14;31;131;671;158;96;2,04;21,65;India;"Indian Academy of Neurosciences";"2011-ongoing";"Neuroscience (miscellaneous) (Q3)"
102;18632;"Progress in Brain Research";journal;"00796123";0,429;Q3;129;94;330;9959;893;9;55,67;105,95;Netherlands;"Elsevier BV";"1963-1980, 1982-ongoing";"Neuroscience (miscellaneous) (Q3)"
103;30066;"Journal of Psychophysiology";journal;"02698803";0,403;Q3;42;36;52;1219;40;50;0,97;33,86;United States;"Hogrefe & Huber Publishers";"1987-ongoing";"Neuropsychology and Physiological Psychology (Q3); Neuroscience (miscellaneous) (Q3); Physiology (Q4)"
104;7000153240;"Computational Intelligence and Neuroscience";journal;"16875273, 16875265";0,397;Q3;42;146;475;5246;1064;460;2,37;35,93;Egypt;"Hindawi Publishing Corporation";"2007-ongoing";"Computer Science (miscellaneous) (Q2); Mathematics (miscellaneous) (Q2); Medicine (miscellaneous) (Q3); Neuroscience (miscellaneous) (Q3)"
105;5400152651;"Frontiers of neurology and neuroscience";journal;"16604431";0,370;Q3;23;19;108;330;85;100;0,63;17,37;Switzerland;"Karger";"2005-ongoing";"Medicine (miscellaneous) (Q3); Neurology (clinical) (Q3); Neuroscience (miscellaneous) (Q3)"
106;24578;"Mathematical Medicine and Biology";journal;"14778599";0,370;Q3;40;27;68;1143;90;67;1,24;42,33;United Kingdom;"Oxford University Press";"1984-1995, 2003-ongoing";"Environmental Science (miscellaneous) (Q2); Applied Mathematics (Q3); Biochemistry, Genetics and Molecular Biology (miscellaneous) (Q3); Medicine (miscellaneous) (Q3); Modeling and Simulation (Q3); Neuroscience (miscellaneous) (Q3); Pharmacology (Q3); Immunology and Microbiology (miscellaneous)  (Q4)"
107;21100788881;"IBRO Reports";journal;"24518301";0,358;Q3;3;23;24;1650;26;24;1,08;71,74;United Kingdom;"Elsevier Limited";"2016-ongoing";"Neuroscience (miscellaneous) (Q3)"
108;21100825161;"AIMS Neuroscience";journal;"23737972";0,357;Q3;7;23;58;1517;62;46;0,84;65,96;United States;"AIMS Press";"2014-ongoing";"Neuroscience (miscellaneous) (Q3)"
109;5000153107;"Central Nervous System Agents in Medicinal Chemistry";journal;"18715249";0,351;Q3;30;22;93;957;96;77;1,08;43,50;United Arab Emirates;"Bentham Science Publishers";"2006-ongoing";"Neuropsychology and Physiological Psychology (Q3); Neuroscience (miscellaneous) (Q3); Molecular Medicine (Q4)"
110;130045;"Journal of Applied Biomedicine";journal;"12140287, 1214021X";0,335;Q3;26;51;109;2617;185;108;1,68;51,31;Spain;"Elsevier Espana";"2005-ongoing";"Agricultural and Biological Sciences (miscellaneous) (Q2); Pharmacology, Toxicology and Pharmaceutics (miscellaneous) (Q2); Biochemistry, Genetics and Molecular Biology (miscellaneous) (Q3); Medicine (miscellaneous) (Q3); Neuroscience (miscellaneous) (Q3)"
111;16722;"Journal of Integrative Neuroscience";journal;"02196352";0,314;Q4;29;62;113;1719;120;111;1,18;27,73;United Kingdom;"IOS Press";"2002-ongoing";"Medicine (miscellaneous) (Q3); Neuroscience (miscellaneous) (Q4)"
112;19600157217;"International Journal of Intelligent Transportation Systems Research";journal;"18688659";0,308;Q4;12;18;52;446;73;52;1,38;24,78;Germany;"Springer Verlag";"2010-ongoing";"Aerospace Engineering (Q2); Automotive Engineering (Q2); Applied Mathematics (Q3); Computer Science Applications (Q3); Control and Systems Engineering (Q3); Information Systems (Q3); Software (Q3); Neuroscience (miscellaneous) (Q4)"
113;19700201172;"Journal of Neurosciences in Rural Practice";journal;"09763147, 09763155";0,294;Q4;18;148;607;2592;307;379;0,74;17,51;India;"Medknow Publications and Media Pvt. Ltd";"2010-ongoing";"Neurology (clinical) (Q3); Neuroscience (miscellaneous) (Q4)"
114;18117;"Noropsikiyatri Arsivi";journal;"13000667";0,281;Q4;9;68;252;2315;166;206;0,86;34,04;Turkey;"Turk Norpsikiyatri Dernegi";"1973-1974, 1976-1977, 1994-1995, 2009-ongoing";"Psychiatry and Mental Health (Q3); Neuroscience (miscellaneous) (Q4)"
115;24802;"Neural Network World";journal;"23364335, 12100552";0,278;Q4;23;26;99;831;98;96;1,08;31,96;Czech Republic;"Czech Academy of Sciences";"1994-ongoing";"Artificial Intelligence (Q3); Hardware and Architecture (Q3); Software (Q3); Neuroscience (miscellaneous) (Q4)"
116;21100371966;"Open Life Sciences";journal;"23915412";0,266;Q4;28;66;186;2688;116;186;0,54;40,73;Germany;"Walter de Gruyter GmbH";"2015-ongoing";"Agricultural and Biological Sciences (miscellaneous) (Q3); Biochemistry, Genetics and Molecular Biology (miscellaneous) (Q3); Immunology and Microbiology (miscellaneous)  (Q4); Neuroscience (miscellaneous) (Q4)"
117;16819;"Journal of the History of the Neurosciences";journal;"0964704X";0,252;Q4;23;34;90;1346;19;75;0,25;39,59;United Kingdom;"Taylor & Francis";"1992-ongoing";"History and Philosophy of Science (Q2); Neurology (clinical) (Q3); Neuroscience (miscellaneous) (Q4)"
118;4000152109;"Journal of Pediatric Neurosciences";journal;"19983948, 18171745";0,248;Q4;14;126;342;1843;183;289;0,52;14,63;India;"Medknow Publications";"2006-ongoing";"Pediatrics, Perinatology and Child Health (Q3); Neuroscience (miscellaneous) (Q4)"
119;33502;"Acupuncture and Electro-Therapeutics Research";journal;"03601293";0,247;Q4;24;11;40;336;22;40;0,50;30,55;United States;"Cognizant Communication Corporation";"1976-ongoing";"Complementary and Alternative Medicine (Q2); Anesthesiology and Pain Medicine (Q3); Neuroscience (miscellaneous) (Q4)"
120;19700175781;"Psychology and Neuroscience";journal;"19843054, 19833288";0,247;Q4;14;45;123;1756;72;113;0,68;39,02;Brazil;"American Psychological Association Inc.";"2010-ongoing";"Neuropsychology and Physiological Psychology (Q4); Neuroscience (miscellaneous) (Q4)"
121;19700188334;"Clinical and Experimental Neuroimmunology";journal;"17591961";0,245;Q4;13;49;224;1623;105;166;0,67;33,12;United Kingdom;"John Wiley and Sons Ltd";"2010-ongoing";"Neurology (clinical) (Q3); Immunology (Q4); Immunology and Microbiology (miscellaneous)  (Q4); Neuroscience (miscellaneous) (Q4)"
122;27318;"Network: Computation in Neural Systems";journal;"0954898X, 13616536";0,243;Q4;53;4;22;126;32;21;1,20;31,50;United Kingdom;"Taylor & Francis";"1990-ongoing";"Neuroscience (miscellaneous) (Q4)"
123;21100853502;"US Neurology";journal;"17584019, 17584000";0,227;Q4;4;0;18;0;11;16;0,17;0,00;United Kingdom;"Touch Briefings";"2014-ongoing";"Neurology (clinical) (Q3); Neuroscience (miscellaneous) (Q4)"
124;21100853505;"Neuroscience and Biomedical Engineering";journal;"22133860, 22133852";0,202;Q4;1;0;9;0;11;9;3,33;0,00;Netherlands;"Bentham Science Publishers B.V.";"2015-ongoing";"Bioengineering (Q4); Biomedical Engineering (Q4); Neuroscience (miscellaneous) (Q4)"
125;17970;"Neurology Psychiatry and Brain Research";journal;"09419500";0,201;Q4;15;41;69;1756;39;62;0,59;42,83;Germany;"Elsevier GmbH";"1992-ongoing";"Neurology (clinical) (Q4); Neuroscience (miscellaneous) (Q4); Psychiatry and Mental Health (Q4)"
126;21100317750;"Journal of Environmental Management and Tourism";journal;"20687729";0,200;Q4;8;133;253;3245;198;253;0,82;24,40;Germany;"Walter de Gruyter GmbH";"2013-ongoing";"Environmental Science (miscellaneous) (Q3); Neuroscience (miscellaneous) (Q4)"
127;21100845829;"Communications in Mathematical Biology and Neuroscience";journal;"20522541";0,187;Q4;4;19;23;451;16;23;0,70;23,74;United Kingdom;"SCIK Publishing Corporation";"2017-ongoing";"Biochemistry, Genetics and Molecular Biology (miscellaneous) (Q3); Applied Mathematics (Q4); Neuroscience (miscellaneous) (Q4)"
128;19700175249;"Open Pain Journal";journal;"18763863";0,176;Q4;10;5;20;215;6;18;0,46;43,00;United Arab Emirates;"Bentham Science Publishers";"2010-ongoing";"Anesthesiology and Pain Medicine (Q3); Neuroscience (miscellaneous) (Q4)"
129;21100244213;"Mind and Matter";journal;"16118812";0,164;Q4;15;10;38;263;24;30;0,85;26,30;United Kingdom;"Imprint Academic";"2003-ongoing";"Philosophy (Q2); Sociology and Political Science (Q3); Neuroscience (miscellaneous) (Q4)"
130;24068;"Zhurnal Vysshei Nervnoi Deyatelnosti Imeni I.P. Pavlova";journal;"00444677";0,164;Q4;13;59;175;2508;84;175;0,45;42,51;Russian Federation;"Maik Nauka Publishing / Springer SBM";"1951-ongoing";"Medicine (miscellaneous) (Q3); Neuroscience (miscellaneous) (Q4)"
131;21100461368;"ICISSP 2016 - Proceedings of the 2nd International Conference on Information Systems Security and Privacy";conference and proceedings;"00002016";0,156;-;4;0;65;0;49;63;0,78;0,00;Portugal;"";"2016";"Artificial Intelligence; Computer Vision and Pattern Recognition; Neuroscience (miscellaneous)"
132;17700156303;"Neuromethods";book series;"19406045, 08932336";0,154;Q4;17;209;684;13879;193;278;3,00;66,41;United States;"Humana Press, Inc.";"2009-ongoing";"Pharmacology, Toxicology and Pharmaceutics (miscellaneous) (Q3); Biochemistry, Genetics and Molecular Biology (miscellaneous) (Q4); Neuroscience (miscellaneous) (Q4); Psychiatry and Mental Health (Q4)"
133;145096;"Neuropsychopharmacologia Hungarica : a Magyar Pszichofarmakologiai Egyesulet lapja = official journal of the Hungarian Association of Psychopharmacology";journal;"14198711";0,153;Q4;14;19;71;485;19;63;0,29;25,53;Hungary;"Neuroline";"2004-ongoing";"Pharmacology, Toxicology and Pharmaceutics (miscellaneous) (Q3); Neurology (clinical) (Q4); Neuropsychology and Physiological Psychology (Q4); Neuroscience (miscellaneous) (Q4)"
134;16838;"Journal of Undergraduate Neuroscience Education";journal;"15442896";0,151;Q4;14;0;80;0;31;70;0,20;0,00;United States;"Davison College";"2002-2016 (cancelled)";"Education (Q4); Neuroscience (miscellaneous) (Q4)"
135;17992;"Neurophysiology";journal;"15739007, 00902977";0,151;Q4;11;64;204;1633;53;182;0,31;25,52;United States;"Kluwer Academic/Plenum Publishers";"1969-ongoing";"Neuroscience (miscellaneous) (Q4); Physiology (Q4)"
136;21100215174;"Proceedings - International Conference on Natural Computation";conference and proceedings;"00002012";0,151;-;10;0;225;0;110;223;0,49;0,00;United States;"";"2012";"Biomedical Engineering; Computational Mechanics; Computer Science (miscellaneous); Mathematics (miscellaneous); Neuroscience (miscellaneous)"
137;19600157349;"WSEAS Transactions on Biology and Biomedicine";journal;"11099518";0,144;Q4;9;0;8;0;4;8;0,00;0,00;Greece;"World Scientific and Engineering Academy and Society";"2009-2015";"Agricultural and Biological Sciences (miscellaneous) (Q4); Biochemistry, Genetics and Molecular Biology (miscellaneous) (Q4); Medicine (miscellaneous) (Q4); Neuroscience (miscellaneous) (Q4)"
138;17500155106;"Egyptian Journal of Neurology, Psychiatry and Neurosurgery";journal;"16878329, 11101083";0,140;Q4;6;5;93;184;21;93;0,20;36,80;India;"Medknow Publications";"2009-ongoing";"Neurology (clinical) (Q4); Neuroscience (miscellaneous) (Q4); Psychiatric Mental Health (Q4); Psychiatry and Mental Health (Q4); Surgery (Q4)"
139;18043;"Neuroscience and Behavioral Physiology";journal;"00970549";0,139;Q4;29;159;572;6201;102;536;0,18;39,00;United States;"Kluwer Academic/Plenum Publishers";"1972-1973, 1976-1978, 1980-ongoing";"Neuroscience (miscellaneous) (Q4)"
140;19700190354;"Current Neurobiology";journal;"09759042, 09761705";0,133;Q4;7;0;28;0;7;22;0,15;0,00;India;"Scientific Publishers of India";"2010-2016 (cancelled)";"Neuroscience (miscellaneous) (Q4)"
141;19700174668;"Annual Review of CyberTherapy and Telemedicine";journal;"15548716";0,129;Q4;13;0;120;0;40;114;0,40;0,00;United States;"The Interactive Media Institute (IMI)";"2009-ongoing";"Computer Science (miscellaneous) (Q4); Neuroscience (miscellaneous) (Q4); Psychology (miscellaneous) (Q4); Rehabilitation (Q4)"
142;21100450170;"AGERE 2015 - Proceedings of the 5th International Workshop on Programming Based on Actors, Agents,and Decentralized Control";conference and proceedings;"00002015";0,127;-;3;0;8;0;12;6;0,00;0,00;United States;"";"2015";"Artificial Intelligence; Computer Vision and Pattern Recognition; Neuroscience (miscellaneous)"
143;21100853536;"Asimmetria - Journal of Asymmetry";journal;"19996489";0,124;Q4;0;0;1;0;0;1;0,00;0,00;Russian Federation;"Research Center of Neurology";"2015";"Neuroscience (miscellaneous) (Q4); Psychiatry and Mental Health (Q4)"
144;17500155122;"International Journal of Integrative Biology";journal;"09738363, 09742816";0,117;Q4;19;0;8;0;2;8;0,00;0,00;United States;"Mary Ann Liebert Inc.";"2008-2016 (cancelled)";"Agricultural and Biological Sciences (miscellaneous) (Q4); Biochemistry, Genetics and Molecular Biology (miscellaneous) (Q4); Earth and Planetary Sciences (miscellaneous) (Q4); Environmental Science (miscellaneous) (Q4); Neuroscience (miscellaneous) (Q4)"
145;21100211112;"Activitas Nervosa Superior Rediviva";journal;"1337933X, 13384015";0,111;Q4;8;4;59;138;8;52;0,18;34,50;Slovakia;"Institute of Normal and Pathological Physiology, Slovak Academy of Sciences";"2009-ongoing";"Neuroscience (miscellaneous) (Q4)"
146;21100853007;"Archives of Neuroscience";journal;"23225769, 23223944";0,109;Q4;2;0;6;0;2;6;0,33;0,00;Netherlands;"Kowsar Medical Publishing Company";"2014, 2016-ongoing";"Neurology (clinical) (Q4); Neuroscience (miscellaneous) (Q4); Psychiatry and Mental Health (Q4)"
147;18671;"Psychiatria et Neurologia Japonica - Seishin Shinkeigaku Zasshi";journal;"00332658";0,104;Q4;12;0;98;0;8;98;0,00;0,00;Japan;"Japanese Society of Psychiatry and Neurology";"1963-ongoing";"Medicine (miscellaneous) (Q4); Neuroscience (miscellaneous) (Q4)"
148;16666;"Journal of Brain Science";journal;"13415301";0,103;Q4;4;3;8;83;0;8;0,00;27,67;United States;"PJD Publications Ltd.";"1997-1999, 2006-2009, 2011-2013, 2016-ongoing";"Neuroscience (miscellaneous) (Q4)"
149;19700174685;"Journal of Experimental Stroke and Translational Medicine";journal;"1939067X";0,103;Q4;7;0;7;0;0;7;0,00;0,00;United States;"Society for Experimental Stroke";"2010-2013, 2015-2017 (cancelled)";"Cognitive Neuroscience (Q4); Neurology (Q4); Neurology (clinical) (Q4); Neuroscience (miscellaneous) (Q4)"
